"Array Size","Run Time (s)"
500,0.001
1000,0.00246
2000,0.008282
4000,0.02482
8000,0.056148
